User ID,Movie ID,Rating
User_1,Movie_4,2
User_1,Movie_7,4
User_1,Movie_6,3
User_1,Movie_1,1
User_1,Movie_3,5
User_1,Movie_9,1
User_1,Movie_8,4
User_1,Movie_5,4
User_1,Movie_10,2
User_1,Movie_2,5
User_2,Movie_2,2
User_2,Movie_5,2
User_2,Movie_10,4
User_2,Movie_8,2
User_2,Movie_7,4
User_3,Movie_9,3
User_3,Movie_7,5
User_3,Movie_4,1
User_3,Movie_8,4
User_3,Movie_2,4
User_3,Movie_3,3
User_4,Movie_8,2
User_4,Movie_5,3
User_4,Movie_6,2
User_4,Movie_1,4
User_5,Movie_8,3
User_5,Movie_7,5
User_5,Movie_9,2
User_5,Movie_5,1
User_5,Movie_6,4
User_5,Movie_2,5
User_5,Movie_10,1
User_5,Movie_4,4
User_5,Movie_3,1
User_6,Movie_5,5
User_6,Movie_9,5
User_6,Movie_6,2
User_6,Movie_10,5
User_6,Movie_1,3
User_6,Movie_3,4
User_7,Movie_5,1
User_7,Movie_6,5
User_7,Movie_9,2
User_7,Movie_3,1
User_7,Movie_2,1
User_7,Movie_8,3
User_7,Movie_7,3
User_7,Movie_10,1
User_7,Movie_4,3
User_7,Movie_1,2
User_8,Movie_4,3
User_8,Movie_5,2
User_8,Movie_10,3
User_8,Movie_1,3
User_8,Movie_2,5
User_8,Movie_8,3
User_8,Movie_9,1
User_8,Movie_6,3
User_8,Movie_3,3
User_9,Movie_9,5
User_9,Movie_1,4
User_9,Movie_3,1
User_9,Movie_7,4
User_9,Movie_8,3
User_9,Movie_5,3
User_9,Movie_2,5
User_9,Movie_4,1
User_9,Movie_10,5
User_10,Movie_3,4
User_10,Movie_7,4
User_10,Movie_5,4
User_11,Movie_5,4
User_11,Movie_9,5
User_11,Movie_10,1
User_11,Movie_2,1
User_11,Movie_7,4
User_11,Movie_1,1
User_11,Movie_4,3
User_11,Movie_3,3
User_12,Movie_10,4
User_12,Movie_1,2
User_12,Movie_7,4
User_12,Movie_5,4
User_12,Movie_9,3
User_12,Movie_2,4
User_12,Movie_4,4
User_12,Movie_6,1
User_13,Movie_4,3
User_13,Movie_5,5
User_13,Movie_7,1
User_13,Movie_10,4
User_13,Movie_6,5
User_13,Movie_3,5
User_13,Movie_9,2
User_13,Movie_1,2
User_13,Movie_2,5
User_13,Movie_8,3
User_14,Movie_6,1
User_14,Movie_7,1
User_14,Movie_10,1
User_14,Movie_4,1
User_14,Movie_9,1
User_14,Movie_8,3
User_14,Movie_5,4
User_15,Movie_9,5
User_15,Movie_2,4
User_15,Movie_5,2
User_15,Movie_7,3
User_15,Movie_10,4
User_15,Movie_3,4
User_15,Movie_6,3
User_16,Movie_9,3
User_16,Movie_10,4
User_16,Movie_4,1
User_17,Movie_6,5
User_17,Movie_10,3
User_17,Movie_2,1
User_17,Movie_9,2
User_17,Movie_5,2
User_17,Movie_3,1
User_17,Movie_1,3
User_18,Movie_1,1
User_18,Movie_4,1
User_18,Movie_9,2
User_18,Movie_5,4
User_18,Movie_8,5
User_18,Movie_6,4
User_18,Movie_7,3
User_19,Movie_7,5
User_19,Movie_2,5
User_19,Movie_6,3
User_20,Movie_5,1
User_20,Movie_7,4
User_20,Movie_10,4
User_20,Movie_2,2
User_20,Movie_6,2
User_20,Movie_3,1
User_20,Movie_4,3
User_20,Movie_1,1
User_21,Movie_10,5
User_21,Movie_9,4
User_21,Movie_7,5
User_21,Movie_1,3
User_21,Movie_3,5
User_21,Movie_5,3
User_21,Movie_2,2
User_22,Movie_2,1
User_22,Movie_10,3
User_22,Movie_3,2
User_22,Movie_1,4
User_22,Movie_7,2
User_22,Movie_5,4
User_22,Movie_9,4
User_22,Movie_6,3
User_23,Movie_7,1
User_23,Movie_4,1
User_23,Movie_1,5
User_23,Movie_6,4
User_24,Movie_9,5
User_24,Movie_7,1
User_24,Movie_8,3
User_24,Movie_1,1
User_25,Movie_5,1
User_25,Movie_2,2
User_25,Movie_10,2
User_25,Movie_4,5
User_26,Movie_4,1
User_26,Movie_5,5
User_26,Movie_3,5
User_26,Movie_1,1
User_26,Movie_7,4
User_27,Movie_7,5
User_27,Movie_9,3
User_27,Movie_5,5
User_27,Movie_3,5
User_27,Movie_1,1
User_28,Movie_6,1
User_28,Movie_8,1
User_28,Movie_7,5
User_28,Movie_3,4
User_28,Movie_5,5
User_29,Movie_10,1
User_29,Movie_1,3
User_29,Movie_4,2
User_29,Movie_9,4
User_29,Movie_7,4
User_29,Movie_6,1
User_30,Movie_8,1
User_30,Movie_7,5
User_30,Movie_10,3
User_30,Movie_4,4
User_30,Movie_6,4
User_30,Movie_2,3
User_30,Movie_5,5
User_30,Movie_3,5
User_30,Movie_1,5
User_30,Movie_9,2
User_31,Movie_10,3
User_31,Movie_3,3
User_31,Movie_8,2
User_31,Movie_2,5
User_31,Movie_4,3
User_31,Movie_7,4
User_31,Movie_6,2
User_31,Movie_1,2
User_32,Movie_10,3
User_32,Movie_7,3
User_32,Movie_6,1
User_33,Movie_7,3
User_33,Movie_3,1
User_33,Movie_9,1
User_33,Movie_5,3
User_33,Movie_10,4
User_33,Movie_8,1
User_33,Movie_6,1
User_34,Movie_7,5
User_34,Movie_10,3
User_34,Movie_5,1
User_34,Movie_6,4
User_34,Movie_4,1
User_34,Movie_9,4
User_34,Movie_8,5
User_35,Movie_3,3
User_35,Movie_10,2
User_35,Movie_5,4
User_35,Movie_4,3
User_35,Movie_7,2
User_35,Movie_2,1
User_36,Movie_4,1
User_36,Movie_5,1
User_36,Movie_6,3
User_36,Movie_8,3
User_36,Movie_3,5
User_36,Movie_9,3
User_37,Movie_1,3
User_37,Movie_10,5
User_37,Movie_6,2
User_37,Movie_5,4
User_37,Movie_4,3
User_37,Movie_7,1
User_37,Movie_9,2
User_37,Movie_3,2
User_38,Movie_10,3
User_38,Movie_4,5
User_38,Movie_3,1
User_38,Movie_7,1
User_38,Movie_6,1
User_38,Movie_2,5
User_38,Movie_8,5
User_38,Movie_9,2
User_38,Movie_5,2
User_39,Movie_9,2
User_39,Movie_6,3
User_39,Movie_5,2
User_39,Movie_7,1
User_40,Movie_7,5
User_40,Movie_3,2
User_40,Movie_4,2
User_41,Movie_3,2
User_41,Movie_7,4
User_41,Movie_4,4
User_41,Movie_8,4
User_41,Movie_1,2
User_41,Movie_10,2
User_41,Movie_6,3
User_42,Movie_3,3
User_42,Movie_10,1
User_42,Movie_6,5
User_42,Movie_9,1
User_43,Movie_9,4
User_43,Movie_10,3
User_43,Movie_1,4
User_44,Movie_3,2
User_44,Movie_1,4
User_44,Movie_2,1
User_44,Movie_9,5
User_45,Movie_6,2
User_45,Movie_2,4
User_45,Movie_3,4
User_45,Movie_5,2
User_45,Movie_9,3
User_46,Movie_10,1
User_46,Movie_8,5
User_46,Movie_2,4
User_46,Movie_1,2
User_46,Movie_5,1
User_46,Movie_7,1
User_46,Movie_6,5
User_47,Movie_4,5
User_47,Movie_7,5
User_47,Movie_8,3
User_47,Movie_3,2
User_48,Movie_8,2
User_48,Movie_3,2
User_48,Movie_4,3
User_48,Movie_7,1
User_49,Movie_5,5
User_49,Movie_6,3
User_49,Movie_2,2
User_50,Movie_4,5
User_50,Movie_6,4
User_50,Movie_8,5
User_50,Movie_2,3
User_50,Movie_3,4
User_50,Movie_9,1
User_50,Movie_10,4
User_51,Movie_10,3
User_51,Movie_2,1
User_51,Movie_5,5
User_51,Movie_1,3
User_51,Movie_4,3
User_51,Movie_8,3
User_51,Movie_7,3
User_51,Movie_3,4
User_52,Movie_2,4
User_52,Movie_1,5
User_52,Movie_9,3
User_52,Movie_7,5
User_52,Movie_8,3
User_52,Movie_5,1
User_52,Movie_10,2
User_52,Movie_4,3
User_53,Movie_3,4
User_53,Movie_6,1
User_53,Movie_1,3
User_53,Movie_7,2
User_53,Movie_9,4
User_53,Movie_8,4
User_53,Movie_4,3
User_53,Movie_2,1
User_54,Movie_3,3
User_54,Movie_4,2
User_54,Movie_7,3
User_55,Movie_3,1
User_55,Movie_10,2
User_55,Movie_2,4
User_55,Movie_7,4
User_55,Movie_9,3
User_55,Movie_1,4
User_56,Movie_4,2
User_56,Movie_10,4
User_56,Movie_7,4
User_56,Movie_3,4
User_57,Movie_4,3
User_57,Movie_3,1
User_57,Movie_7,4
User_57,Movie_8,5
User_57,Movie_1,5
User_57,Movie_2,3
User_58,Movie_10,4
User_58,Movie_3,2
User_58,Movie_5,2
User_58,Movie_7,1
User_58,Movie_6,1
User_59,Movie_6,3
User_59,Movie_5,2
User_59,Movie_8,1
User_59,Movie_1,4
User_59,Movie_3,4
User_59,Movie_9,1
User_59,Movie_4,3
User_60,Movie_6,4
User_60,Movie_10,3
User_60,Movie_1,2
User_60,Movie_3,5
User_61,Movie_9,3
User_61,Movie_5,5
User_61,Movie_2,4
User_61,Movie_7,4
User_61,Movie_3,3
User_61,Movie_4,2
User_61,Movie_10,5
User_61,Movie_1,3
User_62,Movie_8,5
User_62,Movie_10,3
User_62,Movie_6,4
User_62,Movie_5,4
User_62,Movie_3,1
User_62,Movie_9,2
User_62,Movie_2,1
User_62,Movie_7,3
User_62,Movie_4,4
User_63,Movie_8,3
User_63,Movie_1,4
User_63,Movie_6,3
User_63,Movie_2,2
User_63,Movie_3,2
User_63,Movie_9,4
User_63,Movie_10,3
User_63,Movie_7,3
User_63,Movie_4,4
User_63,Movie_5,3
User_64,Movie_7,5
User_64,Movie_9,3
User_64,Movie_3,2
User_64,Movie_6,1
User_65,Movie_2,3
User_65,Movie_3,1
User_65,Movie_10,2
User_65,Movie_4,4
User_65,Movie_9,2
User_65,Movie_6,5
User_65,Movie_5,5
User_66,Movie_6,3
User_66,Movie_2,1
User_66,Movie_9,4
User_66,Movie_4,5
User_66,Movie_3,1
User_66,Movie_1,2
User_66,Movie_10,5
User_66,Movie_8,4
User_67,Movie_2,4
User_67,Movie_9,2
User_67,Movie_3,3
User_68,Movie_5,4
User_68,Movie_3,3
User_68,Movie_4,2
User_68,Movie_2,5
User_68,Movie_6,1
User_69,Movie_6,2
User_69,Movie_5,1
User_69,Movie_7,3
User_70,Movie_7,2
User_70,Movie_9,3
User_70,Movie_3,5
User_70,Movie_2,1
User_70,Movie_4,2
User_70,Movie_8,5
User_70,Movie_6,4
User_70,Movie_10,1
User_70,Movie_1,2
User_71,Movie_3,4
User_71,Movie_6,2
User_71,Movie_2,3
User_71,Movie_7,5
User_71,Movie_10,3
User_71,Movie_9,4
User_71,Movie_5,4
User_72,Movie_5,2
User_72,Movie_4,3
User_72,Movie_10,1
User_72,Movie_7,2
User_72,Movie_2,2
User_72,Movie_3,1
User_73,Movie_1,2
User_73,Movie_3,1
User_73,Movie_2,3
User_73,Movie_4,5
User_73,Movie_10,3
User_73,Movie_6,3
User_73,Movie_8,5
User_73,Movie_7,2
User_74,Movie_10,2
User_74,Movie_9,4
User_74,Movie_7,2
User_74,Movie_3,1
User_74,Movie_4,1
User_74,Movie_6,1
User_74,Movie_1,4
User_74,Movie_8,2
User_74,Movie_2,2
User_75,Movie_3,1
User_75,Movie_10,2
User_75,Movie_5,4
User_75,Movie_2,4
User_75,Movie_6,5
User_75,Movie_7,2
User_76,Movie_1,2
User_76,Movie_4,1
User_76,Movie_10,2
User_76,Movie_7,3
User_76,Movie_2,1
User_76,Movie_8,2
User_77,Movie_2,1
User_77,Movie_5,1
User_77,Movie_7,5
User_77,Movie_10,2
User_77,Movie_3,5
User_77,Movie_6,2
User_78,Movie_5,5
User_78,Movie_9,3
User_78,Movie_7,4
User_78,Movie_1,2
User_78,Movie_6,4
User_78,Movie_8,1
User_78,Movie_10,4
User_78,Movie_4,4
User_78,Movie_3,1
User_78,Movie_2,5
User_79,Movie_3,1
User_79,Movie_9,5
User_79,Movie_8,3
User_79,Movie_10,5
User_79,Movie_1,3
User_80,Movie_6,4
User_80,Movie_4,4
User_80,Movie_5,3
User_80,Movie_1,3
User_80,Movie_8,3
User_80,Movie_3,1
User_80,Movie_9,2
User_81,Movie_6,5
User_81,Movie_10,5
User_81,Movie_3,5
User_81,Movie_8,5
User_81,Movie_2,4
User_81,Movie_1,1
User_81,Movie_7,5
User_81,Movie_4,4
User_82,Movie_9,4
User_82,Movie_5,4
User_82,Movie_7,3
User_82,Movie_10,1
User_82,Movie_1,4
User_82,Movie_4,4
User_82,Movie_3,5
User_82,Movie_6,3
User_83,Movie_7,1
User_83,Movie_1,4
User_83,Movie_9,2
User_83,Movie_8,4
User_83,Movie_3,3
User_83,Movie_5,5
User_83,Movie_4,2
User_83,Movie_6,2
User_83,Movie_2,2
User_84,Movie_7,4
User_84,Movie_2,2
User_84,Movie_3,3
User_84,Movie_6,1
User_84,Movie_4,2
User_84,Movie_9,2
User_84,Movie_5,5
User_84,Movie_1,1
User_84,Movie_8,3
User_84,Movie_10,2
User_85,Movie_8,4
User_85,Movie_9,4
User_85,Movie_1,5
User_85,Movie_2,2
User_85,Movie_10,2
User_85,Movie_4,3
User_86,Movie_8,1
User_86,Movie_6,1
User_86,Movie_7,1
User_86,Movie_1,5
User_86,Movie_2,2
User_86,Movie_9,1
User_86,Movie_10,3
User_87,Movie_9,5
User_87,Movie_6,2
User_87,Movie_7,3
User_87,Movie_8,4
User_87,Movie_2,5
User_87,Movie_3,1
User_87,Movie_5,3
User_87,Movie_4,2
User_87,Movie_1,3
User_87,Movie_10,2
User_88,Movie_9,4
User_88,Movie_1,4
User_88,Movie_8,1
User_88,Movie_5,1
User_88,Movie_3,5
User_88,Movie_7,3
User_89,Movie_1,3
User_89,Movie_2,4
User_89,Movie_9,5
User_89,Movie_10,5
User_89,Movie_3,5
User_89,Movie_7,4
User_89,Movie_4,2
User_90,Movie_6,2
User_90,Movie_7,2
User_90,Movie_3,2
User_90,Movie_4,4
User_90,Movie_8,4
User_91,Movie_7,2
User_91,Movie_4,1
User_91,Movie_10,1
User_91,Movie_2,3
User_91,Movie_1,3
User_91,Movie_8,3
User_91,Movie_9,2
User_91,Movie_5,2
User_92,Movie_9,2
User_92,Movie_6,2
User_92,Movie_4,2
User_92,Movie_10,2
User_92,Movie_5,2
User_93,Movie_4,4
User_93,Movie_10,1
User_93,Movie_7,1
User_93,Movie_9,5
User_93,Movie_2,4
User_93,Movie_8,4
User_94,Movie_5,4
User_94,Movie_10,4
User_94,Movie_3,4
User_95,Movie_9,5
User_95,Movie_6,1
User_95,Movie_2,5
User_95,Movie_4,1
User_95,Movie_3,2
User_95,Movie_10,1
User_95,Movie_5,5
User_95,Movie_7,3
User_95,Movie_8,2
User_95,Movie_1,2
User_96,Movie_6,5
User_96,Movie_9,3
User_96,Movie_7,3
User_96,Movie_2,2
User_96,Movie_5,2
User_96,Movie_1,5
User_96,Movie_4,2
User_96,Movie_3,4
User_96,Movie_10,4
User_96,Movie_8,2
User_97,Movie_9,5
User_97,Movie_6,3
User_97,Movie_5,3
User_97,Movie_7,2
User_97,Movie_4,5
User_98,Movie_4,1
User_98,Movie_6,5
User_98,Movie_10,1
User_98,Movie_5,1
User_98,Movie_3,5
User_98,Movie_1,3
User_98,Movie_9,2
User_99,Movie_3,3
User_99,Movie_2,2
User_99,Movie_1,1
User_99,Movie_7,3
User_99,Movie_4,5
User_99,Movie_5,1
User_99,Movie_9,1
User_99,Movie_8,3
User_100,Movie_8,3
User_100,Movie_2,4
User_100,Movie_4,1
User_100,Movie_5,3
User_100,Movie_6,3
User_100,Movie_9,3
User_100,Movie_10,3
User_100,Movie_3,2
User_100,Movie_1,3
User_101,Movie_1,4
User_101,Movie_10,4
User_101,Movie_5,1
User_101,Movie_8,3
User_101,Movie_2,2
User_101,Movie_9,1
User_101,Movie_7,1
User_101,Movie_6,4
User_101,Movie_4,2
User_102,Movie_6,1
User_102,Movie_10,4
User_102,Movie_2,5
User_103,Movie_3,5
User_103,Movie_1,2
User_103,Movie_2,2
User_103,Movie_6,2
User_103,Movie_4,3
User_103,Movie_9,5
User_103,Movie_7,5
User_103,Movie_10,4
User_104,Movie_4,3
User_104,Movie_3,3
User_104,Movie_2,4
User_104,Movie_9,2
User_105,Movie_2,4
User_105,Movie_10,4
User_105,Movie_4,3
User_105,Movie_6,5
User_105,Movie_9,1
User_105,Movie_1,4
User_105,Movie_7,5
User_105,Movie_8,5
User_105,Movie_5,5
User_105,Movie_3,1
User_106,Movie_1,2
User_106,Movie_9,4
User_106,Movie_5,4
User_106,Movie_8,4
User_106,Movie_4,3
User_106,Movie_6,2
User_106,Movie_7,3
User_106,Movie_3,3
User_106,Movie_10,3
User_107,Movie_4,4
User_107,Movie_8,4
User_107,Movie_5,4
User_108,Movie_7,5
User_108,Movie_6,3
User_108,Movie_2,3
User_109,Movie_7,1
User_109,Movie_5,4
User_109,Movie_8,4
User_109,Movie_3,5
User_109,Movie_10,3
User_109,Movie_6,5
User_109,Movie_4,5
User_109,Movie_1,3
User_109,Movie_2,2
User_109,Movie_9,5
User_110,Movie_2,5
User_110,Movie_7,5
User_110,Movie_6,1
User_110,Movie_8,1
User_110,Movie_5,4
User_110,Movie_9,1
User_111,Movie_4,5
User_111,Movie_6,4
User_111,Movie_2,1
User_111,Movie_3,5
User_111,Movie_5,2
User_111,Movie_7,3
User_111,Movie_1,3
User_111,Movie_8,2
User_111,Movie_10,2
User_111,Movie_9,3
User_112,Movie_4,4
User_112,Movie_1,1
User_112,Movie_3,3
User_112,Movie_10,5
User_112,Movie_5,5
User_112,Movie_9,5
User_113,Movie_10,3
User_113,Movie_1,1
User_113,Movie_9,1
User_113,Movie_2,5
User_113,Movie_8,4
User_113,Movie_6,2
User_114,Movie_1,2
User_114,Movie_2,5
User_114,Movie_4,2
User_115,Movie_5,1
User_115,Movie_6,3
User_115,Movie_10,2
User_115,Movie_7,2
User_115,Movie_9,2
User_115,Movie_8,2
User_115,Movie_3,4
User_115,Movie_1,5
User_115,Movie_4,1
User_116,Movie_9,4
User_116,Movie_5,4
User_116,Movie_10,4
User_116,Movie_1,1
User_116,Movie_6,1
User_117,Movie_6,1
User_117,Movie_5,5
User_117,Movie_2,1
User_117,Movie_9,3
User_117,Movie_4,1
User_118,Movie_2,2
User_118,Movie_5,5
User_118,Movie_1,3
User_118,Movie_6,3
User_119,Movie_3,4
User_119,Movie_8,3
User_119,Movie_7,5
User_119,Movie_4,5
User_119,Movie_1,3
User_119,Movie_10,1
User_119,Movie_9,3
User_120,Movie_4,1
User_120,Movie_8,5
User_120,Movie_5,4
User_121,Movie_7,5
User_121,Movie_3,3
User_121,Movie_4,5
User_121,Movie_9,5
User_122,Movie_8,1
User_122,Movie_6,2
User_122,Movie_4,4
User_122,Movie_5,2
User_122,Movie_9,1
User_122,Movie_10,4
User_122,Movie_7,2
User_122,Movie_3,5
User_123,Movie_6,3
User_123,Movie_8,4
User_123,Movie_5,1
User_123,Movie_4,1
User_124,Movie_8,3
User_124,Movie_3,5
User_124,Movie_6,4
User_124,Movie_7,4
User_124,Movie_1,4
User_124,Movie_4,3
User_125,Movie_7,2
User_125,Movie_4,1
User_125,Movie_1,5
User_125,Movie_10,2
User_125,Movie_6,2
User_125,Movie_8,5
User_125,Movie_9,2
User_125,Movie_5,4
User_125,Movie_3,1
User_126,Movie_2,1
User_126,Movie_6,1
User_126,Movie_9,2
User_126,Movie_7,2
User_126,Movie_4,4
User_126,Movie_1,5
User_126,Movie_5,2
User_126,Movie_10,5
User_127,Movie_5,3
User_127,Movie_9,5
User_127,Movie_10,1
User_127,Movie_2,
User_127,Movie_7,
User_127,Movie_6,
User_127,Movie_8,
User_127,Movie_1,
User_127,Movie_3,
User_127,Movie_4,
User_128,Movie_7,
User_128,Movie_5,
User_128,Movie_4,
User_128,Movie_8,
User_128,Movie_6,2
User_128,Movie_9,5
User_128,Movie_2,4
User_128,Movie_1,5
User_128,Movie_10,4
User_129,Movie_6,4
User_129,Movie_3,4
User_129,Movie_1,4
User_129,Movie_8,3
User_129,Movie_2,1
User_129,Movie_4,1
User_129,Movie_10,2
User_129,Movie_5,3
User_129,Movie_9,3
User_130,Movie_3,3
User_130,Movie_8,4
User_130,Movie_1,2
User_130,Movie_9,4
User_130,Movie_2,4
User_130,Movie_4,1
User_130,Movie_10,1
User_130,Movie_5,2
User_130,Movie_6,4
User_130,Movie_7,1
User_131,Movie_5,2
User_131,Movie_7,5
User_131,Movie_10,3
User_131,Movie_3,1
User_131,Movie_8,3
User_131,Movie_2,5
User_131,Movie_9,4
User_131,Movie_6,3
User_132,Movie_3,1
User_132,Movie_8,4
User_132,Movie_1,1
User_132,Movie_4,1
User_132,Movie_6,1
User_133,Movie_3,1
User_133,Movie_2,4
User_133,Movie_8,2
User_133,Movie_9,2
User_133,Movie_5,4
User_134,Movie_9,5
User_134,Movie_7,1
User_134,Movie_2,1
User_135,Movie_10,1
User_135,Movie_5,2
User_135,Movie_6,2
User_135,Movie_1,1
User_135,Movie_4,2
User_135,Movie_2,3
User_136,Movie_2,1
User_136,Movie_4,5
User_136,Movie_10,5
User_136,Movie_8,4
User_136,Movie_3,5
User_136,Movie_5,1
User_136,Movie_6,5
User_137,Movie_8,5
User_137,Movie_5,1
User_137,Movie_7,1
User_137,Movie_6,3
User_138,Movie_4,2
User_138,Movie_10,5
User_138,Movie_1,4
User_138,Movie_2,4
User_139,Movie_10,1
User_139,Movie_4,2
User_139,Movie_3,4
User_139,Movie_5,4
User_139,Movie_6,3
User_139,Movie_9,1
User_139,Movie_2,1
User_139,Movie_7,3
User_139,Movie_1,4
User_140,Movie_7,5
User_140,Movie_3,4
User_140,Movie_6,1
User_140,Movie_9,3
User_141,Movie_2,2
User_141,Movie_10,5
User_141,Movie_6,3
User_141,Movie_4,1
User_141,Movie_8,5
User_141,Movie_1,4
User_141,Movie_9,3
User_141,Movie_7,4
User_142,Movie_9,2
User_142,Movie_5,4
User_142,Movie_8,5
User_142,Movie_1,5
User_142,Movie_10,5
User_142,Movie_3,5
User_142,Movie_2,4
User_143,Movie_5,3
User_143,Movie_10,2
User_143,Movie_4,4
User_143,Movie_6,4
User_143,Movie_3,3
User_143,Movie_8,1
User_144,Movie_10,3
User_144,Movie_9,1
User_144,Movie_8,4
User_144,Movie_3,5
User_144,Movie_5,4
User_144,Movie_4,4
User_144,Movie_7,4
User_144,Movie_6,5
User_144,Movie_2,2
User_145,Movie_7,5
User_145,Movie_6,5
User_145,Movie_8,5
User_146,Movie_3,2
User_146,Movie_2,1
User_146,Movie_10,2
User_146,Movie_6,2
User_146,Movie_5,1
User_146,Movie_9,1
User_146,Movie_1,1
User_146,Movie_4,1
User_147,Movie_5,5
User_147,Movie_4,2
User_147,Movie_3,3
User_148,Movie_8,4
User_148,Movie_10,4
User_148,Movie_3,5
User_148,Movie_9,2
User_148,Movie_1,1
User_148,Movie_5,1
User_149,Movie_10,4
User_149,Movie_7,3
User_149,Movie_8,2
User_149,Movie_5,3
User_150,Movie_9,1
User_150,Movie_2,4
User_150,Movie_10,5
User_150,Movie_4,2
User_150,Movie_7,1
User_150,Movie_8,1
User_150,Movie_5,2
User_150,Movie_6,4
User_151,Movie_10,4
User_151,Movie_6,4
User_151,Movie_4,2
User_152,Movie_3,1
User_152,Movie_2,3
User_152,Movie_7,1
User_152,Movie_5,1
User_152,Movie_9,5
User_152,Movie_1,5
User_153,Movie_4,5
User_153,Movie_10,1
User_153,Movie_3,2
User_153,Movie_8,5
User_153,Movie_5,4
User_153,Movie_6,5
User_153,Movie_2,1
User_153,Movie_7,2
User_154,Movie_4,1
User_154,Movie_6,2
User_154,Movie_2,2
User_154,Movie_1,5
User_154,Movie_5,4
User_154,Movie_3,5
User_154,Movie_7,3
User_154,Movie_10,3
User_155,Movie_7,1
User_155,Movie_8,5
User_155,Movie_2,3
User_155,Movie_4,1
User_155,Movie_9,5
User_155,Movie_3,5
User_155,Movie_5,2
User_155,Movie_6,1
User_155,Movie_1,3
User_156,Movie_2,5
User_156,Movie_6,5
User_156,Movie_3,4
User_156,Movie_7,1
User_157,Movie_4,1
User_157,Movie_6,1
User_157,Movie_7,1
User_157,Movie_8,4
User_157,Movie_9,1
User_158,Movie_4,3
User_158,Movie_7,1
User_158,Movie_8,2
User_158,Movie_2,3
User_158,Movie_5,4
User_159,Movie_5,2
User_159,Movie_4,3
User_159,Movie_7,1
User_159,Movie_1,5
User_160,Movie_2,3
User_160,Movie_6,3
User_160,Movie_8,4
User_160,Movie_10,1
User_160,Movie_1,4
User_160,Movie_4,4
User_160,Movie_7,5
User_160,Movie_5,3
User_160,Movie_3,4
User_161,Movie_3,2
User_161,Movie_4,4
User_161,Movie_5,2
User_161,Movie_8,3
User_161,Movie_10,2
User_161,Movie_1,1
User_161,Movie_7,3
User_161,Movie_9,5
User_161,Movie_6,2
User_161,Movie_2,5
User_162,Movie_3,5
User_162,Movie_2,4
User_162,Movie_9,2
User_162,Movie_1,4
User_162,Movie_5,4
User_162,Movie_4,1
User_162,Movie_8,4
User_163,Movie_8,1
User_163,Movie_3,4
User_163,Movie_2,5
User_163,Movie_6,4
User_163,Movie_5,4
User_163,Movie_4,3
User_163,Movie_7,2
User_163,Movie_10,4
User_163,Movie_9,2
User_163,Movie_1,1
User_164,Movie_9,4
User_164,Movie_6,5
User_164,Movie_8,2
User_164,Movie_3,4
User_165,Movie_2,1
User_165,Movie_8,3
User_165,Movie_3,2
User_165,Movie_1,2
User_165,Movie_5,2
User_165,Movie_9,3
User_165,Movie_4,5
User_166,Movie_3,4
User_166,Movie_7,1
User_166,Movie_9,2
User_166,Movie_2,3
User_167,Movie_7,3
User_167,Movie_2,4
User_167,Movie_3,1
User_168,Movie_1,5
User_168,Movie_4,4
User_168,Movie_9,4
User_168,Movie_10,4
User_168,Movie_5,4
User_168,Movie_2,1
User_168,Movie_6,1
User_168,Movie_8,4
User_168,Movie_7,5
User_168,Movie_3,5
User_169,Movie_5,5
User_169,Movie_4,1
User_169,Movie_7,5
User_170,Movie_1,3
User_170,Movie_5,1
User_170,Movie_8,2
User_170,Movie_7,3
User_171,Movie_1,4
User_171,Movie_9,2
User_171,Movie_7,5
User_171,Movie_10,2
User_171,Movie_5,1
User_171,Movie_6,1
User_171,Movie_2,1
User_172,Movie_8,3
User_172,Movie_10,4
User_172,Movie_2,2
User_172,Movie_5,2
User_172,Movie_3,1
User_172,Movie_6,4
User_172,Movie_1,1
User_172,Movie_4,1
User_172,Movie_7,2
User_172,Movie_9,5
User_173,Movie_1,1
User_173,Movie_10,5
User_173,Movie_7,3
User_173,Movie_6,3
User_173,Movie_9,1
User_173,Movie_3,5
User_173,Movie_2,2
User_173,Movie_5,2
User_174,Movie_2,5
User_174,Movie_5,1
User_174,Movie_6,3
User_174,Movie_7,4
User_175,Movie_4,5
User_175,Movie_8,1
User_175,Movie_3,2
User_175,Movie_9,5
User_175,Movie_2,3
User_175,Movie_10,3
User_175,Movie_6,3
User_175,Movie_5,4
User_176,Movie_10,2
User_176,Movie_4,4
User_176,Movie_1,5
User_176,Movie_9,3
User_177,Movie_7,5
User_177,Movie_5,4
User_177,Movie_2,5
User_177,Movie_3,1
User_177,Movie_1,5
User_178,Movie_5,5
User_178,Movie_9,4
User_178,Movie_8,5
User_178,Movie_3,5
User_178,Movie_6,2
User_178,Movie_1,2
User_178,Movie_7,3
User_178,Movie_2,2
User_178,Movie_4,2
User_178,Movie_10,1
User_179,Movie_5,3
User_179,Movie_8,1
User_179,Movie_4,1
User_179,Movie_6,4
User_179,Movie_2,1
User_179,Movie_3,4
User_179,Movie_7,2
User_179,Movie_10,3
User_179,Movie_9,4
User_179,Movie_1,4
User_180,Movie_4,4
User_180,Movie_7,5
User_180,Movie_5,5
User_180,Movie_2,5
User_180,Movie_9,1
User_180,Movie_8,5
User_180,Movie_1,4
User_180,Movie_6,2
User_180,Movie_3,3
User_180,Movie_10,4
User_181,Movie_8,5
User_181,Movie_7,4
User_181,Movie_4,4
User_181,Movie_1,3
User_181,Movie_9,5
User_181,Movie_5,2
User_181,Movie_3,2
User_182,Movie_10,1
User_182,Movie_9,4
User_182,Movie_8,3
User_182,Movie_1,5
User_182,Movie_7,2
User_182,Movie_4,1
User_182,Movie_6,2
User_182,Movie_5,1
User_182,Movie_2,2
User_182,Movie_3,3
User_183,Movie_1,1
User_183,Movie_6,
User_183,Movie_4,
User_184,Movie_10,
User_184,Movie_2,
User_184,Movie_5,
User_184,Movie_1,
User_184,Movie_8,
User_184,Movie_4,
User_185,Movie_4,4
User_185,Movie_1,4
User_185,Movie_10,1
User_185,Movie_6,3
User_185,Movie_8,1
User_185,Movie_2,4
User_186,Movie_7,5
User_186,Movie_3,1
User_186,Movie_1,3
User_187,Movie_1,1
User_187,Movie_4,4
User_187,Movie_2,5
User_187,Movie_8,3
User_187,Movie_3,1
User_188,Movie_9,3
User_188,Movie_4,2
User_188,Movie_7,1
User_189,Movie_8,2
User_189,Movie_7,5
User_189,Movie_6,3
User_189,Movie_9,4
User_190,Movie_6,4
User_190,Movie_10,3
User_190,Movie_8,1
User_190,Movie_3,5
User_190,Movie_4,3
User_190,Movie_2,5
User_190,Movie_5,
User_190,Movie_9,
User_191,Movie_8,
User_191,Movie_10,
User_191,Movie_2,
User_191,Movie_9,
User_191,Movie_7,
User_191,Movie_4,
User_191,Movie_5,1
User_191,Movie_1,1
User_191,Movie_3,1
User_192,Movie_8,4
User_192,Movie_3,2
User_192,Movie_5,3
User_192,Movie_6,3
User_192,Movie_4,1
User_192,Movie_1,4
User_192,Movie_9,4
User_192,Movie_7,2
User_192,Movie_10,3
User_193,Movie_5,2
User_193,Movie_6,5
User_193,Movie_4,3
User_193,Movie_1,4
User_193,Movie_3,3
User_193,Movie_8,2
User_193,Movie_7,2
User_194,Movie_10,2
User_194,Movie_7,1
User_194,Movie_5,4
User_194,Movie_1,5
User_194,Movie_4,4
User_194,Movie_2,2
User_194,Movie_9,4
User_194,Movie_6,2
User_195,Movie_7,5
User_195,Movie_4,2
User_195,Movie_2,4
User_196,Movie_8,4
User_196,Movie_10,2
User_196,Movie_1,3
User_196,Movie_7,1
User_196,Movie_2,2
User_196,Movie_3,4
User_196,Movie_9,5
User_196,Movie_5,2
User_196,Movie_4,4
User_196,Movie_6,2
User_197,Movie_4,1
User_197,Movie_8,2
User_197,Movie_9,1
User_197,Movie_7,3
User_197,Movie_2,2
User_197,Movie_10,1
User_197,Movie_6,5
User_197,Movie_3,5
User_197,Movie_5,4
User_198,Movie_6,4
User_198,Movie_10,5
User_198,Movie_8,5
User_198,Movie_2,1
User_199,Movie_3,3
User_199,Movie_8,1
User_199,Movie_1,5
User_200,Movie_5,5
User_200,Movie_3,1
User_200,Movie_10,3
User_200,Movie_9,5
User_200,Movie_6,1
User_201,Movie_1,5
User_201,Movie_4,
User_201,Movie_8,
User_201,Movie_3,
User_202,Movie_9,
User_202,Movie_7,3
User_202,Movie_4,1
User_202,Movie_8,5
User_202,Movie_6,1
User_202,Movie_3,1
User_202,Movie_1,5
User_203,Movie_8,4
User_203,Movie_1,3
User_203,Movie_4,5
User_203,Movie_6,5
User_203,Movie_5,1
User_203,Movie_3,4
User_203,Movie_2,3
User_203,Movie_9,5
User_204,Movie_5,3
User_204,Movie_1,1
User_204,Movie_4,1
User_204,Movie_10,1
User_204,Movie_6,3
User_205,Movie_6,5
User_205,Movie_9,5
User_205,Movie_3,4
User_205,Movie_2,4
User_205,Movie_1,1
User_205,Movie_8,5
User_206,Movie_4,3
User_206,Movie_2,1
User_206,Movie_5,
User_206,Movie_8,2
User_206,Movie_3,5
User_206,Movie_6,1
User_206,Movie_1,5
User_206,Movie_9,5
User_206,Movie_10,5
User_207,Movie_10,1
User_207,Movie_2,3
User_207,Movie_6,2
User_207,Movie_9,2
User_207,Movie_8,2
User_207,Movie_4,2
User_207,Movie_7,1
User_208,Movie_7,1
User_208,Movie_5,4
User_208,Movie_2,2
User_208,Movie_10,4
User_208,Movie_9,5
User_208,Movie_8,3
User_209,Movie_9,3
User_209,Movie_6,2
User_209,Movie_1,3
User_209,Movie_2,4
User_209,Movie_8,
User_209,Movie_7,3
User_210,Movie_1,4
User_210,Movie_10,1
User_210,Movie_6,5
User_210,Movie_5,5
User_210,Movie_9,1
User_210,Movie_2,1
User_210,Movie_4,4
User_210,Movie_3,5
User_210,Movie_7,4
User_211,Movie_6,4
User_211,Movie_2,5
User_211,Movie_3,3
User_211,Movie_1,2
User_211,Movie_9,1
User_211,Movie_4,3
User_211,Movie_5,5
User_212,Movie_3,1
User_212,Movie_4,4
User_212,Movie_10,1
User_212,Movie_6,5
User_212,Movie_7,1
User_212,Movie_9,1
User_212,Movie_5,
User_212,Movie_1,5
User_212,Movie_8,1
User_213,Movie_5,2
User_213,Movie_1,2
User_213,Movie_8,1
User_213,Movie_10,4
User_213,Movie_7,1
User_213,Movie_4,1
User_214,Movie_4,4
User_214,Movie_6,2
User_214,Movie_9,5
User_214,Movie_3,
User_214,Movie_8,2
User_214,Movie_2,4
User_214,Movie_5,2
User_214,Movie_7,5
User_214,Movie_1,1
User_215,Movie_1,5
User_215,Movie_6,2
User_215,Movie_3,1
User_215,Movie_8,2
User_215,Movie_10,1
User_215,Movie_7,1
User_215,Movie_9,
User_215,Movie_5,4
User_215,Movie_2,2
User_215,Movie_4,5
User_216,Movie_3,1
User_216,Movie_4,3
User_216,Movie_8,4
User_216,Movie_2,1
User_216,Movie_1,3
User_216,Movie_9,3
User_217,Movie_6,1
User_217,Movie_4,5
User_217,Movie_2,4
User_217,Movie_8,4
User_217,Movie_1,2
User_217,Movie_3,2
User_217,Movie_7,1
User_217,Movie_9,1
User_218,Movie_1,1
User_218,Movie_10,3
User_218,Movie_2,2
User_218,Movie_4,3
User_218,Movie_6,
User_218,Movie_5,1
User_218,Movie_3,3
User_219,Movie_4,5
User_219,Movie_8,4
User_219,Movie_3,5
User_219,Movie_10,4
User_219,Movie_1,1
User_219,Movie_2,3
User_219,Movie_6,4
User_219,Movie_5,1
User_219,Movie_9,3
User_220,Movie_3,3
User_220,Movie_2,3
User_220,Movie_5,2
User_220,Movie_10,5
User_220,Movie_1,5
User_220,Movie_6,2
User_220,Movie_8,2
User_220,Movie_9,1
User_220,Movie_4,1
User_221,Movie_7,3
User_221,Movie_3,5
User_221,Movie_1,5
User_221,Movie_4,4
User_221,Movie_5,5
User_222,Movie_3,4
User_222,Movie_2,4
User_222,Movie_7,3
User_222,Movie_6,1
User_222,Movie_10,2
User_222,Movie_9,4
User_222,Movie_8,2
User_222,Movie_5,4
User_222,Movie_1,4
User_222,Movie_4,5
User_223,Movie_7,2
User_223,Movie_4,2
User_223,Movie_6,4
User_223,Movie_1,2
User_223,Movie_3,5
User_224,Movie_4,1
User_224,Movie_3,4
User_224,Movie_6,4
User_224,Movie_8,1
User_225,Movie_7,2
User_225,Movie_2,4
User_225,Movie_4,1
User_225,Movie_6,5
User_225,Movie_5,1
User_225,Movie_8,1
User_225,Movie_3,5
User_225,Movie_9,1
User_226,Movie_1,1
User_226,Movie_10,1
User_226,Movie_6,1
User_227,Movie_4,4
User_227,Movie_7,3
User_227,Movie_2,1
User_227,Movie_10,1
User_227,Movie_1,5
User_228,Movie_6,4
User_228,Movie_7,4
User_228,Movie_2,3
User_228,Movie_10,4
User_228,Movie_8,4
User_229,Movie_5,1
User_229,Movie_3,3
User_229,Movie_9,5
User_229,Movie_7,2
User_229,Movie_6,3
User_229,Movie_10,5
User_229,Movie_4,4
User_229,Movie_1,1
User_229,Movie_8,2
User_230,Movie_2,1
User_230,Movie_7,1
User_230,Movie_1,2
User_230,Movie_8,2
User_230,Movie_5,1
User_230,Movie_6,5
User_230,Movie_10,4
User_230,Movie_4,1
User_230,Movie_9,5
User_230,Movie_3,1
User_231,Movie_8,5
User_231,Movie_7,4
User_231,Movie_5,3
User_231,Movie_3,1
User_232,Movie_9,1
User_232,Movie_10,5
User_232,Movie_2,2
User_232,Movie_5,1
User_232,Movie_8,
User_232,Movie_6,3
User_232,Movie_7,2
User_232,Movie_1,3
User_233,Movie_3,5
User_233,Movie_5,5
User_233,Movie_6,4
User_233,Movie_10,5
User_234,Movie_10,4
User_234,Movie_2,3
User_234,Movie_4,2
User_234,Movie_1,3
User_234,Movie_8,2
User_234,Movie_5,5
User_234,Movie_6,4
User_234,Movie_7,4
User_234,Movie_3,5
User_234,Movie_9,4
User_235,Movie_9,5
User_235,Movie_5,2
User_235,Movie_6,5
User_235,Movie_4,3
User_235,Movie_7,3
User_236,Movie_4,5
User_236,Movie_2,1
User_236,Movie_6,2
User_237,Movie_3,1
User_237,Movie_2,5
User_237,Movie_8,5
User_237,Movie_6,4
User_238,Movie_8,5
User_238,Movie_7,3
User_238,Movie_1,5
User_238,Movie_2,
User_238,Movie_6,2
User_239,Movie_1,5
User_239,Movie_3,5
User_239,Movie_7,5
User_239,Movie_2,1
User_239,Movie_10,3
User_239,Movie_5,2
User_239,Movie_9,2
User_239,Movie_6,4
User_239,Movie_8,1
User_240,Movie_4,3
User_240,Movie_6,3
User_240,Movie_3,1
User_240,Movie_5,4
User_240,Movie_8,3
User_240,Movie_10,4
User_240,Movie_9,2
User_241,Movie_3,4
User_241,Movie_5,2
User_241,Movie_6,3
User_241,Movie_4,4
User_241,Movie_7,1
User_241,Movie_9,4
User_241,Movie_2,
User_242,Movie_4,3
User_242,Movie_7,5
User_242,Movie_1,3
User_242,Movie_3,3
User_242,Movie_9,1
User_242,Movie_6,1
User_242,Movie_10,4
User_242,Movie_8,5
User_242,Movie_2,2
User_243,Movie_7,2
User_243,Movie_1,5
User_243,Movie_3,5
User_243,Movie_8,3
User_243,Movie_4,2
User_244,Movie_7,3
User_244,Movie_1,3
User_244,Movie_10,5
User_245,Movie_3,3
User_245,Movie_10,4
User_245,Movie_7,4
User_246,Movie_7,4
User_246,Movie_6,2
User_246,Movie_8,5
User_246,Movie_5,1
User_246,Movie_3,2
User_246,Movie_1,3
User_246,Movie_10,4
User_247,Movie_9,5
User_247,Movie_7,4
User_247,Movie_2,
User_247,Movie_1,1
User_247,Movie_3,3
User_247,Movie_10,3
User_248,Movie_6,4
User_248,Movie_2,3
User_248,Movie_10,3
User_248,Movie_9,1
User_248,Movie_8,4
User_249,Movie_7,1
User_249,Movie_2,5
User_249,Movie_3,4
User_249,Movie_8,4
User_249,Movie_6,2
User_249,Movie_1,5
User_249,Movie_10,2
User_249,Movie_4,2
User_249,Movie_9,2
User_250,Movie_8,2
User_250,Movie_3,2
User_250,Movie_5,5
User_250,Movie_4,3
User_250,Movie_2,2
User_250,Movie_7,5
User_250,Movie_6,2
User_250,Movie_10,5
User_250,Movie_9,2
User_250,Movie_1,
User_251,Movie_5,1
User_251,Movie_9,2
User_251,Movie_1,2
User_251,Movie_7,3
User_251,Movie_4,2
User_251,Movie_6,3
User_251,Movie_8,1
User_251,Movie_3,3
User_252,Movie_9,4
User_252,Movie_5,2
User_252,Movie_3,2
User_252,Movie_2,4
User_252,Movie_8,3
User_253,Movie_6,1
User_253,Movie_9,1
User_253,Movie_3,2
User_253,Movie_8,3
User_253,Movie_2,1
User_253,Movie_1,5
User_253,Movie_10,4
User_253,Movie_4,5
User_253,Movie_5,4
User_253,Movie_7,3
User_254,Movie_5,2
User_254,Movie_6,4
User_254,Movie_10,1
User_254,Movie_4,3
User_254,Movie_7,5
User_255,Movie_7,4
User_255,Movie_3,5
User_255,Movie_2,5
User_255,Movie_4,4
User_255,Movie_10,3
User_256,Movie_7,2
User_256,Movie_4,2
User_256,Movie_6,
User_256,Movie_3,5
User_256,Movie_1,2
User_256,Movie_5,1
User_256,Movie_9,4
User_256,Movie_10,4
User_256,Movie_2,5
User_256,Movie_8,3
User_257,Movie_2,2
User_257,Movie_5,
User_257,Movie_10,3
User_257,Movie_7,5
User_257,Movie_3,2
User_257,Movie_6,4
User_258,Movie_9,1
User_258,Movie_3,4
User_258,Movie_4,1
User_259,Movie_2,1
User_259,Movie_7,3
User_259,Movie_3,2
User_259,Movie_10,4
User_259,Movie_4,3
User_259,Movie_9,1
User_259,Movie_5,2
User_259,Movie_1,4
User_259,Movie_8,1
User_260,Movie_6,1
User_260,Movie_2,3
User_260,Movie_4,5
User_260,Movie_1,1
User_260,Movie_8,1
User_260,Movie_9,5
User_260,Movie_3,3
User_261,Movie_9,5
User_261,Movie_1,1
User_261,Movie_8,2
User_261,Movie_5,2
User_261,Movie_2,4
User_261,Movie_6,4
User_261,Movie_4,4
User_261,Movie_3,3
User_262,Movie_4,5
User_262,Movie_3,1
User_262,Movie_1,3
User_262,Movie_9,4
User_263,Movie_6,
User_263,Movie_10,4
User_263,Movie_8,3
User_263,Movie_1,5
User_263,Movie_4,5
User_264,Movie_5,1
User_264,Movie_4,5
User_264,Movie_7,1
User_264,Movie_9,1
User_264,Movie_6,3
User_265,Movie_6,4
User_265,Movie_2,5
User_265,Movie_5,2
User_266,Movie_4,5
User_266,Movie_9,3
User_266,Movie_7,5
User_267,Movie_8,2
User_267,Movie_4,2
User_267,Movie_2,5
User_267,Movie_3,2
User_267,Movie_5,2
User_267,Movie_1,4
User_267,Movie_9,2
User_267,Movie_7,2
User_267,Movie_10,2
User_267,Movie_6,3
User_268,Movie_9,5
User_268,Movie_5,2
User_268,Movie_10,2
User_268,Movie_1,2
User_268,Movie_6,3
User_268,Movie_8,1
User_269,Movie_2,3
User_269,Movie_4,4
User_269,Movie_6,5
User_269,Movie_5,3
User_269,Movie_8,
User_269,Movie_7,1
User_269,Movie_10,2
User_270,Movie_9,2
User_270,Movie_6,1
User_270,Movie_3,3
User_270,Movie_1,3
User_270,Movie_8,1
User_270,Movie_10,4
User_270,Movie_5,5
User_270,Movie_2,1
User_270,Movie_4,5
User_270,Movie_7,2
User_271,Movie_5,4
User_271,Movie_7,4
User_271,Movie_1,1
User_271,Movie_10,1
User_271,Movie_4,2
User_271,Movie_2,2
User_272,Movie_6,3
User_272,Movie_7,5
User_272,Movie_4,2
User_272,Movie_2,4
User_272,Movie_5,4
User_272,Movie_10,1
User_272,Movie_3,1
User_272,Movie_9,5
User_273,Movie_3,2
User_273,Movie_9,2
User_273,Movie_8,3
User_273,Movie_1,1
User_273,Movie_10,4
User_273,Movie_4,2
User_273,Movie_2,5
User_273,Movie_6,2
User_274,Movie_7,3
User_274,Movie_9,
User_274,Movie_2,2
User_274,Movie_6,3
User_275,Movie_5,3
User_275,Movie_6,3
User_275,Movie_9,1
User_276,Movie_6,2
User_276,Movie_9,1
User_276,Movie_3,4
User_276,Movie_7,5
User_276,Movie_1,5
User_276,Movie_4,4
User_277,Movie_9,2
User_277,Movie_5,5
User_277,Movie_7,3
User_277,Movie_2,4
User_277,Movie_6,2
User_278,Movie_9,4
User_278,Movie_8,5
User_278,Movie_2,1
User_278,Movie_6,1
User_278,Movie_5,2
User_278,Movie_7,4
User_278,Movie_10,1
User_279,Movie_8,2
User_279,Movie_10,1
User_279,Movie_2,5
User_280,Movie_4,4
User_280,Movie_6,3
User_280,Movie_10,5
User_280,Movie_9,1
User_280,Movie_5,1
User_280,Movie_1,1
User_280,Movie_7,3
User_280,Movie_8,3
User_281,Movie_6,1
User_281,Movie_4,2
User_281,Movie_10,2
User_281,Movie_3,1
User_281,Movie_2,4
User_282,Movie_7,3
User_282,Movie_6,5
User_282,Movie_2,2
User_282,Movie_4,5
User_282,Movie_1,2
User_283,Movie_8,3
User_283,Movie_9,2
User_283,Movie_5,5
User_283,Movie_1,4
User_284,Movie_4,3
User_284,Movie_9,1
User_284,Movie_8,1
User_284,Movie_10,5
User_285,Movie_9,4
User_285,Movie_6,1
User_285,Movie_3,2
User_285,Movie_4,2
User_285,Movie_7,
User_285,Movie_2,3
User_285,Movie_10,4
User_286,Movie_7,2
User_286,Movie_8,1
User_286,Movie_9,5
User_286,Movie_2,5
User_286,Movie_5,1
User_286,Movie_4,3
User_286,Movie_1,3
User_287,Movie_1,1
User_287,Movie_10,2
User_287,Movie_9,2
User_287,Movie_8,2
User_288,Movie_10,1
User_288,Movie_1,
User_288,Movie_6,2
User_288,Movie_5,4
User_289,Movie_9,1
User_289,Movie_5,4
User_289,Movie_1,3
User_289,Movie_2,1
User_289,Movie_6,2
User_289,Movie_8,4
User_289,Movie_3,
User_289,Movie_4,2
User_289,Movie_7,1
User_290,Movie_1,5
User_290,Movie_8,3
User_290,Movie_5,5
User_290,Movie_10,3
User_290,Movie_7,5
User_291,Movie_9,5
User_291,Movie_1,3
User_291,Movie_6,5
User_291,Movie_8,3
User_291,Movie_5,5
User_291,Movie_3,2
User_291,Movie_10,
User_291,Movie_4,2
User_291,Movie_2,4
User_292,Movie_1,2
User_292,Movie_9,1
User_292,Movie_3,2
User_292,Movie_10,2
User_292,Movie_6,3
User_292,Movie_5,1
User_292,Movie_2,2
User_292,Movie_4,2
User_292,Movie_8,4
User_293,Movie_8,3
User_293,Movie_10,3
User_293,Movie_4,4
User_293,Movie_2,1
User_293,Movie_6,4
User_293,Movie_3,1
User_293,Movie_7,1
User_293,Movie_5,1
User_293,Movie_1,1
User_293,Movie_9,4
User_294,Movie_9,2
User_294,Movie_10,1
User_294,Movie_3,5
User_294,Movie_5,4
User_294,Movie_4,5
User_294,Movie_1,3
User_294,Movie_6,3
User_295,Movie_5,1
User_295,Movie_7,2
User_295,Movie_1,4
User_295,Movie_9,3
User_295,Movie_3,4
User_295,Movie_6,4
User_295,Movie_2,4
User_295,Movie_8,2
User_295,Movie_4,3
User_295,Movie_10,3
User_296,Movie_10,5
User_296,Movie_4,5
User_296,Movie_8,3
User_296,Movie_1,5
User_297,Movie_2,1
User_297,Movie_6,4
User_297,Movie_7,2
User_297,Movie_5,3
User_297,Movie_9,
User_297,Movie_10,
User_298,Movie_5,
User_298,Movie_9,4
User_298,Movie_1,5
User_298,Movie_2,3
User_298,Movie_4,2
User_298,Movie_3,2
User_299,Movie_6,3
User_299,Movie_10,1
User_299,Movie_5,5
User_300,Movie_2,5
User_300,Movie_9,3
User_300,Movie_3,
User_300,Movie_8,2
User_300,Movie_1,2
User_300,Movie_5,4
User_300,Movie_7,4
User_300,Movie_10,4
User_300,Movie_6,5
User_301,Movie_10,3
User_301,Movie_5,1
User_301,Movie_2,
User_301,Movie_6,3
User_301,Movie_1,3
User_301,Movie_9,4
User_301,Movie_7,1
User_301,Movie_4,2
User_301,Movie_8,4
User_302,Movie_2,1
User_302,Movie_9,4
User_302,Movie_3,2
User_303,Movie_1,3
User_303,Movie_5,4
User_303,Movie_4,1
User_303,Movie_3,1
User_303,Movie_6,3
User_303,Movie_10,1
User_303,Movie_9,5
User_303,Movie_2,3
User_303,Movie_8,3
User_303,Movie_7,2
User_304,Movie_8,3
User_304,Movie_4,4
User_304,Movie_9,2
User_304,Movie_3,3
User_304,Movie_2,4
User_304,Movie_5,3
User_304,Movie_1,2
User_304,Movie_10,2
User_304,Movie_7,5
User_305,Movie_9,4
User_305,Movie_3,3
User_305,Movie_8,4
User_305,Movie_5,
User_305,Movie_10,1
User_305,Movie_7,1
User_305,Movie_6,5
User_306,Movie_5,2
User_306,Movie_2,4
User_306,Movie_8,1
User_306,Movie_7,5
User_306,Movie_6,1
User_306,Movie_10,5
User_306,Movie_4,2
User_306,Movie_1,4
User_306,Movie_3,3
User_307,Movie_8,3
User_307,Movie_1,2
User_307,Movie_4,3
User_307,Movie_3,4
User_307,Movie_7,3
User_307,Movie_6,3
User_308,Movie_10,1
User_308,Movie_3,2
User_308,Movie_2,4
User_308,Movie_7,3
User_308,Movie_4,3
User_309,Movie_5,4
User_309,Movie_6,3
User_309,Movie_2,5
User_309,Movie_10,5
User_309,Movie_4,
User_309,Movie_9,5
User_310,Movie_2,4
User_310,Movie_6,5
User_310,Movie_8,2
User_310,Movie_9,1
User_311,Movie_6,1
User_311,Movie_4,2
User_311,Movie_8,4
User_311,Movie_7,5
User_311,Movie_5,4
User_311,Movie_9,1
User_311,Movie_3,3
User_311,Movie_2,3
User_312,Movie_5,2
User_312,Movie_10,3
User_312,Movie_4,2
User_312,Movie_2,3
User_312,Movie_3,2
User_312,Movie_1,1
User_312,Movie_9,4
User_312,Movie_6,5
User_312,Movie_8,4
User_312,Movie_7,5
User_313,Movie_9,1
User_313,Movie_6,4
User_313,Movie_5,2
User_313,Movie_2,5
User_313,Movie_7,2
User_313,Movie_10,3
User_313,Movie_8,1
User_313,Movie_4,5
User_313,Movie_1,
User_314,Movie_3,2
User_314,Movie_1,5
User_314,Movie_4,4
User_314,Movie_8,1
User_315,Movie_3,1
User_315,Movie_10,4
User_315,Movie_9,5
User_316,Movie_2,3
User_316,Movie_1,3
User_316,Movie_4,4
User_316,Movie_7,1
User_316,Movie_9,1
User_316,Movie_8,2
User_317,Movie_3,
User_317,Movie_4,5
User_317,Movie_7,3
User_317,Movie_5,5
User_317,Movie_1,4
User_317,Movie_8,1
User_317,Movie_6,4
User_317,Movie_9,3
User_317,Movie_2,1
User_318,Movie_2,5
User_318,Movie_5,5
User_318,Movie_7,4
User_318,Movie_9,2
User_318,Movie_8,5
User_318,Movie_3,3
User_318,Movie_4,5
User_318,Movie_1,2
