userId,movieId,rating
User_1,Movie_2,5
User_1,Movie_3,3
User_1,Movie_4,1
User_1,Movie_8,4
User_1,Movie_9,2
User_1,Movie_10,3
User_1,Movie_12,5
User_1,Movie_13,4
User_1,Movie_18,1
User_2,Movie_1,2
User_2,Movie_6,3
User_2,Movie_8,1
User_2,Movie_9,1
User_2,Movie_11,2
User_2,Movie_14,5
User_2,Movie_15,5
User_2,Movie_16,4
User_2,Movie_19,2
User_3,Movie_4,5
User_3,Movie_6,2
User_3,Movie_8,1
User_3,Movie_9,1
User_3,Movie_11,5
User_3,Movie_12,3
User_3,Movie_13,5
User_3,Movie_14,4
User_3,Movie_15,1
User_3,Movie_16,5
User_4,Movie_3,4
User_4,Movie_6,1
User_4,Movie_8,4
User_4,Movie_10,5
User_4,Movie_11,3
User_4,Movie_14,4
User_4,Movie_15,3
User_4,Movie_16,3
User_4,Movie_17,3
User_5,Movie_1,4
User_5,Movie_2,2
User_5,Movie_7,3
User_5,Movie_8,2
User_5,Movie_9,4
User_5,Movie_12,3
User_5,Movie_13,3
User_5,Movie_14,1
User_5,Movie_15,3
User_5,Movie_17,1
User_6,Movie_2,2
User_6,Movie_4,1
User_6,Movie_5,5
User_6,Movie_8,3
User_6,Movie_13,5
User_6,Movie_14,4
User_6,Movie_15,2
User_6,Movie_16,4
User_6,Movie_17,4
User_6,Movie_19,4
User_6,Movie_20,1
User_7,Movie_1,4
User_7,Movie_2,4
User_7,Movie_7,4
User_7,Movie_8,4
User_7,Movie_10,1
User_7,Movie_15,5
User_7,Movie_17,1
User_7,Movie_18,3
User_7,Movie_20,5
User_8,Movie_1,5
User_8,Movie_7,2
User_8,Movie_8,1
User_8,Movie_11,5
User_8,Movie_15,5
User_8,Movie_17,2
User_8,Movie_18,3
User_8,Movie_20,3
User_9,Movie_2,2
User_9,Movie_3,2
User_9,Movie_4,1
User_9,Movie_6,4
User_9,Movie_10,1
User_9,Movie_11,2
User_9,Movie_13,1
User_9,Movie_15,2
User_9,Movie_17,2
User_9,Movie_19,5
User_10,Movie_3,5
User_10,Movie_4,4
User_10,Movie_6,2
User_10,Movie_7,4
User_10,Movie_8,1
User_10,Movie_9,1
User_10,Movie_12,4
User_10,Movie_13,5
User_10,Movie_14,2
User_10,Movie_17,3
User_10,Movie_18,4
User_10,Movie_19,4
User_10,Movie_20,3
User_11,Movie_1,2
User_11,Movie_4,4
User_11,Movie_5,2
User_11,Movie_8,2
User_11,Movie_11,1
User_11,Movie_12,2
User_11,Movie_13,2
User_11,Movie_15,3
User_11,Movie_18,3
User_11,Movie_19,2
User_11,Movie_20,4
User_12,Movie_1,2
User_12,Movie_2,1
User_12,Movie_7,5
User_12,Movie_9,4
User_12,Movie_10,2
User_12,Movie_11,3
User_12,Movie_12,1
User_12,Movie_13,1
User_12,Movie_16,3
User_12,Movie_19,2
User_13,Movie_1,5
User_13,Movie_2,5
User_13,Movie_3,5
User_13,Movie_6,5
User_13,Movie_8,5
User_13,Movie_9,5
User_13,Movie_10,4
User_13,Movie_13,4
User_13,Movie_16,1
User_13,Movie_17,5
User_13,Movie_18,2
User_13,Movie_19,1
User_14,Movie_1,2
User_14,Movie_2,5
User_14,Movie_4,1
User_14,Movie_5,4
User_14,Movie_6,3
User_14,Movie_7,2
User_14,Movie_8,3
User_14,Movie_11,4
User_14,Movie_12,4
User_14,Movie_13,4
User_14,Movie_14,5
User_14,Movie_15,1
User_14,Movie_16,1
User_14,Movie_17,3
User_14,Movie_18,2
User_14,Movie_19,3
User_14,Movie_20,3
User_15,Movie_1,4
User_15,Movie_5,1
User_15,Movie_8,1
User_15,Movie_10,1
User_15,Movie_13,4
User_15,Movie_16,1
User_15,Movie_17,3
User_15,Movie_19,2
User_16,Movie_2,1
User_16,Movie_3,1
User_16,Movie_4,2
User_16,Movie_5,3
User_16,Movie_6,5
User_16,Movie_7,1
User_16,Movie_9,3
User_16,Movie_14,5
User_16,Movie_15,4
User_16,Movie_16,2
User_17,Movie_1,1
User_17,Movie_2,3
User_17,Movie_3,2
User_17,Movie_5,5
User_17,Movie_6,3
User_17,Movie_7,1
User_17,Movie_8,2
User_17,Movie_12,3
User_17,Movie_17,4
User_17,Movie_18,3
User_18,Movie_6,2
User_18,Movie_7,2
User_18,Movie_10,2
User_18,Movie_11,1
User_18,Movie_12,4
User_18,Movie_13,2
User_18,Movie_16,2
User_18,Movie_18,1
User_18,Movie_19,5
User_18,Movie_20,1
User_19,Movie_2,2
User_19,Movie_4,1
User_19,Movie_5,5
User_19,Movie_7,5
User_19,Movie_8,5
User_19,Movie_14,2
User_19,Movie_17,4
User_19,Movie_19,4
User_20,Movie_2,2
User_20,Movie_3,2
User_20,Movie_4,4
User_20,Movie_5,3
User_20,Movie_6,4
User_20,Movie_9,3
User_20,Movie_10,4
User_20,Movie_11,5
User_20,Movie_14,3
User_20,Movie_16,5
User_20,Movie_17,4
User_20,Movie_19,3
User_20,Movie_20,3
User_21,Movie_2,5
User_21,Movie_3,1
User_21,Movie_4,4
User_21,Movie_6,4
User_21,Movie_9,5
User_21,Movie_12,5
User_21,Movie_13,5
User_21,Movie_14,1
User_21,Movie_15,2
User_21,Movie_19,2
User_21,Movie_20,3
User_22,Movie_1,3
User_22,Movie_2,3
User_22,Movie_6,1
User_22,Movie_8,4
User_22,Movie_12,3
User_22,Movie_13,2
User_22,Movie_16,3
User_22,Movie_18,4
User_22,Movie_19,3
User_23,Movie_2,5
User_23,Movie_5,4
User_23,Movie_6,5
User_23,Movie_7,5
User_23,Movie_8,3
User_23,Movie_11,3
User_23,Movie_12,1
User_23,Movie_14,5
User_24,Movie_2,2
User_24,Movie_3,3
User_24,Movie_4,1
User_24,Movie_5,5
User_24,Movie_8,4
User_24,Movie_10,5
User_24,Movie_12,5
User_24,Movie_14,4
User_24,Movie_15,1
User_24,Movie_16,5
User_24,Movie_18,1
User_24,Movie_19,5
User_24,Movie_20,1
User_25,Movie_1,2
User_25,Movie_2,2
User_25,Movie_4,2
User_25,Movie_5,1
User_25,Movie_6,5
User_25,Movie_9,5
User_25,Movie_10,4
User_25,Movie_12,2
User_25,Movie_17,1
User_25,Movie_19,5
User_25,Movie_20,5
User_26,Movie_1,2
User_26,Movie_2,1
User_26,Movie_4,4
User_26,Movie_5,2
User_26,Movie_7,5
User_26,Movie_8,4
User_26,Movie_9,5
User_26,Movie_10,3
User_26,Movie_11,2
User_26,Movie_13,5
User_26,Movie_14,4
User_26,Movie_18,4
User_26,Movie_19,5
User_27,Movie_1,1
User_27,Movie_3,5
User_27,Movie_4,4
User_27,Movie_5,4
User_27,Movie_10,4
User_27,Movie_11,4
User_27,Movie_12,5
User_27,Movie_13,5
User_27,Movie_14,1
User_27,Movie_15,3
User_27,Movie_16,5
User_27,Movie_17,4
User_28,Movie_1,5
User_28,Movie_2,2
User_28,Movie_4,2
User_28,Movie_5,2
User_28,Movie_8,2
User_28,Movie_9,1
User_28,Movie_10,3
User_28,Movie_11,1
User_28,Movie_12,4
User_28,Movie_13,1
User_28,Movie_14,1
User_28,Movie_15,4
User_28,Movie_19,3
User_28,Movie_20,2
User_29,Movie_1,3
User_29,Movie_6,1
User_29,Movie_9,5
User_29,Movie_11,1
User_29,Movie_12,3
User_29,Movie_14,2
User_29,Movie_15,4
User_29,Movie_16,5
User_29,Movie_18,5
User_30,Movie_2,5
User_30,Movie_5,2
User_30,Movie_12,2
User_30,Movie_15,4
User_30,Movie_17,2
User_31,Movie_9,1
User_31,Movie_10,2
User_31,Movie_12,3
User_31,Movie_13,2
User_31,Movie_15,4
User_31,Movie_16,5
User_31,Movie_19,4
User_31,Movie_20,3
User_32,Movie_5,2
User_32,Movie_8,3
User_32,Movie_11,3
User_32,Movie_12,4
User_32,Movie_13,1
User_32,Movie_14,1
User_32,Movie_17,1
User_33,Movie_6,4
User_33,Movie_7,1
User_33,Movie_8,2
User_33,Movie_9,3
User_33,Movie_12,1
User_33,Movie_13,1
User_33,Movie_14,3
User_33,Movie_19,2
User_33,Movie_20,1
User_34,Movie_2,5
User_34,Movie_3,2
User_34,Movie_12,4
User_34,Movie_14,1
User_34,Movie_16,5
User_34,Movie_19,5
User_34,Movie_20,4
User_35,Movie_1,4
User_35,Movie_4,2
User_35,Movie_5,5
User_35,Movie_6,1
User_35,Movie_7,1
User_35,Movie_9,3
User_35,Movie_13,1
User_35,Movie_16,2
User_35,Movie_18,1
User_36,Movie_1,1
User_36,Movie_6,5
User_36,Movie_8,4
User_36,Movie_10,2
User_36,Movie_11,3
User_36,Movie_12,1
User_36,Movie_16,5
User_36,Movie_17,4
User_36,Movie_18,5
User_36,Movie_20,3
User_37,Movie_1,5
User_37,Movie_4,3
User_37,Movie_5,1
User_37,Movie_6,4
User_37,Movie_8,3
User_37,Movie_12,4
User_37,Movie_13,2
User_37,Movie_14,1
User_37,Movie_16,4
User_37,Movie_18,4
User_38,Movie_3,3
User_38,Movie_4,1
User_38,Movie_6,4
User_38,Movie_8,1
User_38,Movie_9,5
User_38,Movie_10,2
User_38,Movie_12,5
User_38,Movie_13,2
User_38,Movie_16,3
User_38,Movie_17,2
User_38,Movie_18,1
User_38,Movie_19,4
User_38,Movie_20,3
User_39,Movie_4,3
User_39,Movie_6,1
User_39,Movie_7,3
User_39,Movie_8,4
User_39,Movie_10,4
User_39,Movie_12,4
User_39,Movie_15,3
User_39,Movie_18,3
User_39,Movie_19,3
User_39,Movie_20,2
User_40,Movie_1,2
User_40,Movie_2,1
User_40,Movie_6,5
User_40,Movie_7,1
User_40,Movie_10,5
User_40,Movie_12,1
User_40,Movie_13,1
User_40,Movie_14,2
User_40,Movie_16,4
User_40,Movie_17,5
User_40,Movie_18,1
User_40,Movie_19,2
User_40,Movie_20,5
User_41,Movie_1,3
User_41,Movie_3,1
User_41,Movie_4,2
User_41,Movie_6,3
User_41,Movie_7,5
User_41,Movie_8,5
User_41,Movie_11,5
User_41,Movie_12,4
User_41,Movie_14,5
User_41,Movie_15,4
User_41,Movie_16,1
User_41,Movie_17,1
User_42,Movie_1,4
User_42,Movie_5,1
User_42,Movie_6,5
User_42,Movie_9,3
User_42,Movie_17,5
User_42,Movie_19,1
User_42,Movie_20,2
User_43,Movie_2,2
User_43,Movie_4,5
User_43,Movie_8,5
User_43,Movie_9,1
User_43,Movie_10,1
User_43,Movie_12,3
User_43,Movie_14,4
User_43,Movie_19,1
User_44,Movie_1,3
User_44,Movie_3,1
User_44,Movie_6,1
User_44,Movie_9,4
User_44,Movie_10,5
User_44,Movie_13,2
User_44,Movie_17,3
User_44,Movie_18,2
User_45,Movie_2,2
User_45,Movie_5,3
User_45,Movie_7,2
User_45,Movie_11,3
User_45,Movie_12,4
User_45,Movie_13,4
User_45,Movie_15,2
User_45,Movie_18,4
User_46,Movie_4,1
User_46,Movie_6,4
User_46,Movie_7,4
User_46,Movie_11,1
User_46,Movie_13,2
User_46,Movie_15,1
User_46,Movie_18,5
User_46,Movie_19,3
User_47,Movie_1,4
User_47,Movie_3,4
User_47,Movie_4,3
User_47,Movie_8,1
User_47,Movie_9,2
User_47,Movie_12,4
User_47,Movie_13,5
User_47,Movie_14,1
User_47,Movie_18,5
User_47,Movie_20,1
User_48,Movie_2,1
User_48,Movie_3,2
User_48,Movie_4,4
User_48,Movie_8,5
User_48,Movie_9,4
User_48,Movie_10,1
User_48,Movie_11,2
User_48,Movie_12,2
User_48,Movie_14,5
User_48,Movie_17,1
User_48,Movie_20,3
User_49,Movie_2,2
User_49,Movie_7,3
User_49,Movie_9,1
User_49,Movie_11,2
User_49,Movie_12,5
User_49,Movie_13,3
User_49,Movie_17,1
User_49,Movie_20,1
User_50,Movie_2,3
User_50,Movie_5,3
User_50,Movie_7,2
User_50,Movie_10,4
User_50,Movie_11,3
User_50,Movie_12,2
User_50,Movie_14,1
User_50,Movie_17,5
User_50,Movie_19,5
